{
  "rf": {
    "rmse": 376.14439556472684,
    "mae": 102.89109514318238,
    "r2": 0.9763863865805663,
    "csi": 391142565.5399197,
    "n_train": 40000,
    "n_test": 5000
  },
  "linear": {
    "rmse": 1706.716218356174,
    "mae": 1032.5135498046875,
    "r2": 0.5138437747955322,
    "csi": 234522992.9818302,
    "n_train": 40000,
    "n_test": 5000
  },
  "gb": {
    "rmse": 350.8289839328863,
    "mae": 144.15059174841304,
    "r2": 0.979457930714281,
    "csi": 391533742.41500777,
    "n_train": 40000,
    "n_test": 5000
  }
}