{
  "xgb": {
    "rmse": 7.264870224992758,
    "mae": 5.485304832458496,
    "sss": 0.01475573925550675,
    "n_train": 8500,
    "n_test": 1500
  },
  "arima": {
    "rmse": 16.22675213773935,
    "mae": 14.424254462882748,
    "sss": 0.10003602295913616,
    "n": 80
  },
  "config": {
    "forecast_horizon": 5,
    "lags": 4
  }
}